module	width	recipe	class	source_sha256
mul8_mac_fused_fast_shared_ctrl_array_brentkung_mux_default	8	default	control	be692265b9758aa780050489d15772e34b5f04961a31a4aab974daee9f195028
mul8_mac_fused_fast_shared_ctrl_array_brentkung_mux_classic	8	classic	control	be692265b9758aa780050489d15772e34b5f04961a31a4aab974daee9f195028
mul8_mac_fused_fast_shared_ctrl_array_brentkung_xormaj_default	8	default	control	3c79adbd8543b9a9ee665acc03a157e8fd86838695e030ae0287950e47f7ca8d
mul8_mac_fused_fast_shared_ctrl_array_brentkung_xormaj_classic	8	classic	control	3c79adbd8543b9a9ee665acc03a157e8fd86838695e030ae0287950e47f7ca8d
mul8_mac_fused_fast_shared_ctrl_array_hancarlson_mux_default	8	default	control	36737ba8ebcf088a8c6c7ae99a6effb8e1c38e445d7ea6a4242a92bd21ca4e72
mul8_mac_fused_fast_shared_ctrl_array_hancarlson_mux_classic	8	classic	control	36737ba8ebcf088a8c6c7ae99a6effb8e1c38e445d7ea6a4242a92bd21ca4e72
mul8_mac_fused_fast_shared_ctrl_array_hancarlson_xormaj_default	8	default	control	4b250276ef23836668a9ac5774c3212724c96581a3cec4e566edc1be022ba4db
mul8_mac_fused_fast_shared_ctrl_array_hancarlson_xormaj_classic	8	classic	control	4b250276ef23836668a9ac5774c3212724c96581a3cec4e566edc1be022ba4db
mul8_mac_fused_fast_shared_ctrl_array_koggestone_mux_default	8	default	control	9bbb424f0137f43fce0f01c918b56f6b892e6cf03c0e4c28ee1d2f08e2c2bb0c
mul8_mac_fused_fast_shared_ctrl_array_koggestone_mux_classic	8	classic	control	9bbb424f0137f43fce0f01c918b56f6b892e6cf03c0e4c28ee1d2f08e2c2bb0c
mul8_mac_fused_fast_shared_ctrl_array_koggestone_xormaj_default	8	default	control	4f9ac64429304bb4c51ee5ca8eea32c0b3d0475b4e9301c449c6c1f6584726cb
mul8_mac_fused_fast_shared_ctrl_array_koggestone_xormaj_classic	8	classic	control	4f9ac64429304bb4c51ee5ca8eea32c0b3d0475b4e9301c449c6c1f6584726cb
mul8_mac_fused_fast_shared_ctrl_array_ripple_mux_default	8	default	control	32b79e5107760d8720a459f11fa22bb0fef32735a3a40d22636dc4e93225d172
mul8_mac_fused_fast_shared_ctrl_array_ripple_mux_classic	8	classic	control	32b79e5107760d8720a459f11fa22bb0fef32735a3a40d22636dc4e93225d172
mul8_mac_fused_fast_shared_ctrl_array_ripple_xormaj_default	8	default	control	a150fc40f1648c48395e52478afb32f983bcb883809b27409c90945c100dcb6b
mul8_mac_fused_fast_shared_ctrl_array_ripple_xormaj_classic	8	classic	control	a150fc40f1648c48395e52478afb32f983bcb883809b27409c90945c100dcb6b
mul8_mac_fused_fast_shared_ctrl_array_sklansky_mux_default	8	default	control	3d65789d59fe18814cef045c67b1c656d2594d6abde5c90515e8569ec62ba252
mul8_mac_fused_fast_shared_ctrl_array_sklansky_mux_classic	8	classic	control	3d65789d59fe18814cef045c67b1c656d2594d6abde5c90515e8569ec62ba252
mul8_mac_fused_fast_shared_ctrl_array_sklansky_xormaj_default	8	default	control	fe94fb9fa38314ed507a943142912717cff5e9e850c6eceb836e9a2a3f23610c
mul8_mac_fused_fast_shared_ctrl_array_sklansky_xormaj_classic	8	classic	control	fe94fb9fa38314ed507a943142912717cff5e9e850c6eceb836e9a2a3f23610c
mul8_mac_fused_fast_shared_ctrl_dadda_brentkung_mux_default	8	default	control	6093e655c18249eedca2ab77001d56141e78bd08b8c72aaa88e74cb18828872d
mul8_mac_fused_fast_shared_ctrl_dadda_brentkung_mux_classic	8	classic	control	6093e655c18249eedca2ab77001d56141e78bd08b8c72aaa88e74cb18828872d
mul8_mac_fused_fast_shared_ctrl_dadda_brentkung_xormaj_default	8	default	control	bc0c0f579ee21af8bb9360632b5ee3173d3441f4bfd6b483cea70127c019cbd8
mul8_mac_fused_fast_shared_ctrl_dadda_brentkung_xormaj_classic	8	classic	control	bc0c0f579ee21af8bb9360632b5ee3173d3441f4bfd6b483cea70127c019cbd8
mul8_mac_fused_fast_shared_ctrl_dadda_hancarlson_mux_default	8	default	control	90f5d7280f3e6a483f16dd2dcd160123c5dea5dd76dfc7b271e6d0b17aa2643f
mul8_mac_fused_fast_shared_ctrl_dadda_hancarlson_mux_classic	8	classic	control	90f5d7280f3e6a483f16dd2dcd160123c5dea5dd76dfc7b271e6d0b17aa2643f
mul8_mac_fused_fast_shared_ctrl_dadda_hancarlson_xormaj_default	8	default	control	fe9276be672e7c1c449934451301c6133c054722057629add1c5ae856ee99e4a
mul8_mac_fused_fast_shared_ctrl_dadda_hancarlson_xormaj_classic	8	classic	control	fe9276be672e7c1c449934451301c6133c054722057629add1c5ae856ee99e4a
mul8_mac_fused_fast_shared_ctrl_dadda_koggestone_mux_default	8	default	control	411817b57ba34723bfc8e576361f5b691a5a8fd9155c5af49df37908be3c315d
mul8_mac_fused_fast_shared_ctrl_dadda_koggestone_mux_classic	8	classic	control	411817b57ba34723bfc8e576361f5b691a5a8fd9155c5af49df37908be3c315d
mul8_mac_fused_fast_shared_ctrl_dadda_koggestone_xormaj_default	8	default	control	0bd2890b108ea1dd391b835d5d891a9977971ce8d6a1d37707be05f426d24ace
mul8_mac_fused_fast_shared_ctrl_dadda_koggestone_xormaj_classic	8	classic	control	0bd2890b108ea1dd391b835d5d891a9977971ce8d6a1d37707be05f426d24ace
mul8_mac_fused_fast_shared_ctrl_dadda_ripple_mux_default	8	default	control	3816d7091e7c8bd3e6246d95d9b654f7335a3463f381b63144a9924609c028cc
mul8_mac_fused_fast_shared_ctrl_dadda_ripple_mux_classic	8	classic	control	3816d7091e7c8bd3e6246d95d9b654f7335a3463f381b63144a9924609c028cc
mul8_mac_fused_fast_shared_ctrl_dadda_ripple_xormaj_default	8	default	control	ae6f688bd0d5eeac4da26542d62d5f7b00a34691f66a3bdfeb52adf83e403b4a
mul8_mac_fused_fast_shared_ctrl_dadda_ripple_xormaj_classic	8	classic	control	ae6f688bd0d5eeac4da26542d62d5f7b00a34691f66a3bdfeb52adf83e403b4a
mul8_mac_fused_fast_shared_ctrl_dadda_sklansky_mux_default	8	default	control	e6a306eaa76f618f1d09c4fd1deebe499dc4bb99525e2eac85179f493fa6e627
mul8_mac_fused_fast_shared_ctrl_dadda_sklansky_mux_classic	8	classic	control	e6a306eaa76f618f1d09c4fd1deebe499dc4bb99525e2eac85179f493fa6e627
mul8_mac_fused_fast_shared_ctrl_dadda_sklansky_xormaj_default	8	default	control	d09911869f603e18187a3123980c9ae9d59b2039045740731fe77f6e5782714e
mul8_mac_fused_fast_shared_ctrl_dadda_sklansky_xormaj_classic	8	classic	control	d09911869f603e18187a3123980c9ae9d59b2039045740731fe77f6e5782714e
mul8_mac_fused_fast_shared_ctrl_wallace_brentkung_mux_default	8	default	control	e4d3fa78857cab102dc5cdd908bdcdf8c8ae0cb386902858788256c1b590afe4
mul8_mac_fused_fast_shared_ctrl_wallace_brentkung_mux_classic	8	classic	control	e4d3fa78857cab102dc5cdd908bdcdf8c8ae0cb386902858788256c1b590afe4
mul8_mac_fused_fast_shared_ctrl_wallace_brentkung_xormaj_default	8	default	control	8ee91389addcd580b4707f6e5e0f7d1edfb9f75d42a323f4006ec33ebfcc9297
mul8_mac_fused_fast_shared_ctrl_wallace_brentkung_xormaj_classic	8	classic	control	8ee91389addcd580b4707f6e5e0f7d1edfb9f75d42a323f4006ec33ebfcc9297
mul8_mac_fused_fast_shared_ctrl_wallace_hancarlson_mux_default	8	default	control	63f6476e1370ebc43d35db746d6e78e7467e782e602c1e753036037d8b5c9ed0
mul8_mac_fused_fast_shared_ctrl_wallace_hancarlson_mux_classic	8	classic	control	63f6476e1370ebc43d35db746d6e78e7467e782e602c1e753036037d8b5c9ed0
mul8_mac_fused_fast_shared_ctrl_wallace_hancarlson_xormaj_default	8	default	control	f52dd1575f23d184663807dd82e43adc9b9e40d36c242064193286e625b89d53
mul8_mac_fused_fast_shared_ctrl_wallace_hancarlson_xormaj_classic	8	classic	control	f52dd1575f23d184663807dd82e43adc9b9e40d36c242064193286e625b89d53
mul8_mac_fused_fast_shared_ctrl_wallace_koggestone_mux_default	8	default	control	77514b8782117b3906141426e5c7d6764af4c01849176f48dbce19dfb285a8b9
mul8_mac_fused_fast_shared_ctrl_wallace_koggestone_mux_classic	8	classic	control	77514b8782117b3906141426e5c7d6764af4c01849176f48dbce19dfb285a8b9
mul8_mac_fused_fast_shared_ctrl_wallace_koggestone_xormaj_default	8	default	control	a70fe9172a219794cb33494cafc8fe4e6c88941f71260595dfb8fa0838c5668e
mul8_mac_fused_fast_shared_ctrl_wallace_koggestone_xormaj_classic	8	classic	control	a70fe9172a219794cb33494cafc8fe4e6c88941f71260595dfb8fa0838c5668e
mul8_mac_fused_fast_shared_ctrl_wallace_ripple_mux_default	8	default	control	fd65c390e64fe7e026521f2ba7d1e93cbc75b2e982f3802d0883c1c651486921
mul8_mac_fused_fast_shared_ctrl_wallace_ripple_mux_classic	8	classic	control	fd65c390e64fe7e026521f2ba7d1e93cbc75b2e982f3802d0883c1c651486921
mul8_mac_fused_fast_shared_ctrl_wallace_ripple_xormaj_default	8	default	control	a24e1e1c76d0cc514e188e964e6f795bb20f08af31acad743044419cb6b23714
mul8_mac_fused_fast_shared_ctrl_wallace_ripple_xormaj_classic	8	classic	control	a24e1e1c76d0cc514e188e964e6f795bb20f08af31acad743044419cb6b23714
mul8_mac_fused_fast_shared_ctrl_wallace_sklansky_mux_default	8	default	control	2c86e1cdeb13e4f1e228f8488c2ae47421753bb1220d4d551c9a8980c2452731
mul8_mac_fused_fast_shared_ctrl_wallace_sklansky_mux_classic	8	classic	control	2c86e1cdeb13e4f1e228f8488c2ae47421753bb1220d4d551c9a8980c2452731
mul8_mac_fused_fast_shared_ctrl_wallace_sklansky_xormaj_default	8	default	control	688dbd1162470ac1a283f435f30c2533ae25fced85fbdca0044737b02f5f31ef
mul8_mac_fused_fast_shared_ctrl_wallace_sklansky_xormaj_classic	8	classic	control	688dbd1162470ac1a283f435f30c2533ae25fced85fbdca0044737b02f5f31ef
mac8_requant_behavioral_default	8	default	behavioral	ffe5950788df7a7447efcddd0cfef099cab1fd22bc4f47e9bd2eeb2754899d99
mac8_requant_behavioral_classic	8	classic	behavioral	ffe5950788df7a7447efcddd0cfef099cab1fd22bc4f47e9bd2eeb2754899d99
mul8_mac_requant_evo608_default	8	default	candidate	64d57063a6cb141326c4d1280c839b7e32f92916a1eb3fec75bdb81cafc4fe3e
mul8_mac_requant_evo608_classic	8	classic	candidate	64d57063a6cb141326c4d1280c839b7e32f92916a1eb3fec75bdb81cafc4fe3e
mul8_mac_requant_evo608_norules_default	8	default	ablation	d3de662438d218a19dfafaf25f73b9316e89d00a6bb3737eee53b60df77bb373
mul8_mac_requant_evo608_norules_classic	8	classic	ablation	d3de662438d218a19dfafaf25f73b9316e89d00a6bb3737eee53b60df77bb373
mul16_mac_fused_fast_shared_ctrl_array_brentkung_mux_default	16	default	control	53afb9b49f1c069e20419f404a976102f6bbb8855e0fb6a4b4053adcf91de061
mul16_mac_fused_fast_shared_ctrl_array_brentkung_mux_classic	16	classic	control	53afb9b49f1c069e20419f404a976102f6bbb8855e0fb6a4b4053adcf91de061
mul16_mac_fused_fast_shared_ctrl_array_brentkung_xormaj_default	16	default	control	2aed5aae973a28d509291e4f80f193bdcd5243cd5752736232713da8fdea8363
mul16_mac_fused_fast_shared_ctrl_array_brentkung_xormaj_classic	16	classic	control	2aed5aae973a28d509291e4f80f193bdcd5243cd5752736232713da8fdea8363
mul16_mac_fused_fast_shared_ctrl_array_hancarlson_mux_default	16	default	control	56cf5c5e85b3565e4fa97b8a898e3784fd97685278ce3ac3212b173b042f5254
mul16_mac_fused_fast_shared_ctrl_array_hancarlson_mux_classic	16	classic	control	56cf5c5e85b3565e4fa97b8a898e3784fd97685278ce3ac3212b173b042f5254
mul16_mac_fused_fast_shared_ctrl_array_hancarlson_xormaj_default	16	default	control	9eb20473de7929f0c961758ffed8128df6bdc60d8405b13d5fad5638230dcf83
mul16_mac_fused_fast_shared_ctrl_array_hancarlson_xormaj_classic	16	classic	control	9eb20473de7929f0c961758ffed8128df6bdc60d8405b13d5fad5638230dcf83
mul16_mac_fused_fast_shared_ctrl_array_koggestone_mux_default	16	default	control	24c1ef4147dd5f33bd77b87e7667895e0942fd14ff7978c3f96530dff845d491
mul16_mac_fused_fast_shared_ctrl_array_koggestone_mux_classic	16	classic	control	24c1ef4147dd5f33bd77b87e7667895e0942fd14ff7978c3f96530dff845d491
mul16_mac_fused_fast_shared_ctrl_array_koggestone_xormaj_default	16	default	control	67f5cfd80d7076c34057b4598fdb07d33bbd8ce9696c69fd13076d0bb4deead3
mul16_mac_fused_fast_shared_ctrl_array_koggestone_xormaj_classic	16	classic	control	67f5cfd80d7076c34057b4598fdb07d33bbd8ce9696c69fd13076d0bb4deead3
mul16_mac_fused_fast_shared_ctrl_array_ripple_mux_default	16	default	control	0d2481411baec22e4fd50e109930797d37c265746dcd4ed89a60c65d95b9c56e
mul16_mac_fused_fast_shared_ctrl_array_ripple_mux_classic	16	classic	control	0d2481411baec22e4fd50e109930797d37c265746dcd4ed89a60c65d95b9c56e
mul16_mac_fused_fast_shared_ctrl_array_ripple_xormaj_default	16	default	control	ea0fba3281847b69ab5d195e7f0fef23577bff298868ba861e026abfc5271ab8
mul16_mac_fused_fast_shared_ctrl_array_ripple_xormaj_classic	16	classic	control	ea0fba3281847b69ab5d195e7f0fef23577bff298868ba861e026abfc5271ab8
mul16_mac_fused_fast_shared_ctrl_array_sklansky_mux_default	16	default	control	67626ad88e7d9394b6432428e8888cfd7f17d771736d67f48e8e7dedd40d3d15
mul16_mac_fused_fast_shared_ctrl_array_sklansky_mux_classic	16	classic	control	67626ad88e7d9394b6432428e8888cfd7f17d771736d67f48e8e7dedd40d3d15
mul16_mac_fused_fast_shared_ctrl_array_sklansky_xormaj_default	16	default	control	d7ebb6b7cb178c780574a4178d296f69d0d09b50fb463c898431930fdb657214
mul16_mac_fused_fast_shared_ctrl_array_sklansky_xormaj_classic	16	classic	control	d7ebb6b7cb178c780574a4178d296f69d0d09b50fb463c898431930fdb657214
mul16_mac_fused_fast_shared_ctrl_dadda_brentkung_mux_default	16	default	control	ccf8a9b005185fbeb4ae139a434b8f8733c8034ec6895436760284510a54e8f8
mul16_mac_fused_fast_shared_ctrl_dadda_brentkung_mux_classic	16	classic	control	ccf8a9b005185fbeb4ae139a434b8f8733c8034ec6895436760284510a54e8f8
mul16_mac_fused_fast_shared_ctrl_dadda_brentkung_xormaj_default	16	default	control	a83cdb83aeffb91e181e0259f569b35b7b6500403cb3084c98b35d5646f8e592
mul16_mac_fused_fast_shared_ctrl_dadda_brentkung_xormaj_classic	16	classic	control	a83cdb83aeffb91e181e0259f569b35b7b6500403cb3084c98b35d5646f8e592
mul16_mac_fused_fast_shared_ctrl_dadda_hancarlson_mux_default	16	default	control	f46cb2c49d3a988270e9e5a8d67c762f28dcf843e98c542131deb92b390b8b16
mul16_mac_fused_fast_shared_ctrl_dadda_hancarlson_mux_classic	16	classic	control	f46cb2c49d3a988270e9e5a8d67c762f28dcf843e98c542131deb92b390b8b16
mul16_mac_fused_fast_shared_ctrl_dadda_hancarlson_xormaj_default	16	default	control	ca6e814f8369a5458f9823af8ceaa8f0b3ed32e50eab7668d46dc357b6454ca1
mul16_mac_fused_fast_shared_ctrl_dadda_hancarlson_xormaj_classic	16	classic	control	ca6e814f8369a5458f9823af8ceaa8f0b3ed32e50eab7668d46dc357b6454ca1
mul16_mac_fused_fast_shared_ctrl_dadda_koggestone_mux_default	16	default	control	5f4d5d60a762b72b34c31016079c170fcaf7ebe0c944ce1b59d01a977c8b27f0
mul16_mac_fused_fast_shared_ctrl_dadda_koggestone_mux_classic	16	classic	control	5f4d5d60a762b72b34c31016079c170fcaf7ebe0c944ce1b59d01a977c8b27f0
mul16_mac_fused_fast_shared_ctrl_dadda_koggestone_xormaj_default	16	default	control	bc07674f42c4dd660bfd03635e29c0576087ccfd0137b0fbdaa9dde92eb26810
mul16_mac_fused_fast_shared_ctrl_dadda_koggestone_xormaj_classic	16	classic	control	bc07674f42c4dd660bfd03635e29c0576087ccfd0137b0fbdaa9dde92eb26810
mul16_mac_fused_fast_shared_ctrl_dadda_ripple_mux_default	16	default	control	851186eec933f0986ebd07de06ff5c1966a76a06fe86dda090902a7b692e2b06
mul16_mac_fused_fast_shared_ctrl_dadda_ripple_mux_classic	16	classic	control	851186eec933f0986ebd07de06ff5c1966a76a06fe86dda090902a7b692e2b06
mul16_mac_fused_fast_shared_ctrl_dadda_ripple_xormaj_default	16	default	control	1cd84c2f13efade64f4ee23dcd8548859de34fa50692e1dd0bbabfdedc87e3ff
mul16_mac_fused_fast_shared_ctrl_dadda_ripple_xormaj_classic	16	classic	control	1cd84c2f13efade64f4ee23dcd8548859de34fa50692e1dd0bbabfdedc87e3ff
mul16_mac_fused_fast_shared_ctrl_dadda_sklansky_mux_default	16	default	control	c1ba53a073f28786845fdf006c7c43f7e2676ef17b198b9737dbcbd68fe49731
mul16_mac_fused_fast_shared_ctrl_dadda_sklansky_mux_classic	16	classic	control	c1ba53a073f28786845fdf006c7c43f7e2676ef17b198b9737dbcbd68fe49731
mul16_mac_fused_fast_shared_ctrl_dadda_sklansky_xormaj_default	16	default	control	04c0554c998df56a5124e4ae285962e90ea39d71f033323c412057bb284ffe37
mul16_mac_fused_fast_shared_ctrl_dadda_sklansky_xormaj_classic	16	classic	control	04c0554c998df56a5124e4ae285962e90ea39d71f033323c412057bb284ffe37
mul16_mac_fused_fast_shared_ctrl_wallace_brentkung_mux_default	16	default	control	d7a739257622474bfb00499af607653bca5231890a819a3bf010afc1d523253c
mul16_mac_fused_fast_shared_ctrl_wallace_brentkung_mux_classic	16	classic	control	d7a739257622474bfb00499af607653bca5231890a819a3bf010afc1d523253c
mul16_mac_fused_fast_shared_ctrl_wallace_brentkung_xormaj_default	16	default	control	821a89908c40da358b6572b6615fb8d3e1fd7b96e7a85f502e0ed50578a8b87d
mul16_mac_fused_fast_shared_ctrl_wallace_brentkung_xormaj_classic	16	classic	control	821a89908c40da358b6572b6615fb8d3e1fd7b96e7a85f502e0ed50578a8b87d
mul16_mac_fused_fast_shared_ctrl_wallace_hancarlson_mux_default	16	default	control	d1caa67135fd7ee269802b5d5bb347eb4b34415b79e05e84018222c15581e487
mul16_mac_fused_fast_shared_ctrl_wallace_hancarlson_mux_classic	16	classic	control	d1caa67135fd7ee269802b5d5bb347eb4b34415b79e05e84018222c15581e487
mul16_mac_fused_fast_shared_ctrl_wallace_hancarlson_xormaj_default	16	default	control	47f474f9848abf2f4bd56e176f977e9508c0a03bad570fb31d196001b81311f1
mul16_mac_fused_fast_shared_ctrl_wallace_hancarlson_xormaj_classic	16	classic	control	47f474f9848abf2f4bd56e176f977e9508c0a03bad570fb31d196001b81311f1
mul16_mac_fused_fast_shared_ctrl_wallace_koggestone_mux_default	16	default	control	aa4e50ce302e6b2fc9ef416c42e9cebb62a403fbf2e07bbb9471d00976edddab
mul16_mac_fused_fast_shared_ctrl_wallace_koggestone_mux_classic	16	classic	control	aa4e50ce302e6b2fc9ef416c42e9cebb62a403fbf2e07bbb9471d00976edddab
mul16_mac_fused_fast_shared_ctrl_wallace_koggestone_xormaj_default	16	default	control	0ff9ca6cec86a7373e2cc3f4ab48cc6f86aaf0c9c9d8a1e2baad9f4ae2703cf8
mul16_mac_fused_fast_shared_ctrl_wallace_koggestone_xormaj_classic	16	classic	control	0ff9ca6cec86a7373e2cc3f4ab48cc6f86aaf0c9c9d8a1e2baad9f4ae2703cf8
mul16_mac_fused_fast_shared_ctrl_wallace_ripple_mux_default	16	default	control	12b7d575feb2b5d439768ceb892e35d076fd7b8f86eff73719e227b3a7510340
mul16_mac_fused_fast_shared_ctrl_wallace_ripple_mux_classic	16	classic	control	12b7d575feb2b5d439768ceb892e35d076fd7b8f86eff73719e227b3a7510340
mul16_mac_fused_fast_shared_ctrl_wallace_ripple_xormaj_default	16	default	control	d9f5880ea96c4f93f3f87e1105d99dedaf8da10f632017366433a25814c67f35
mul16_mac_fused_fast_shared_ctrl_wallace_ripple_xormaj_classic	16	classic	control	d9f5880ea96c4f93f3f87e1105d99dedaf8da10f632017366433a25814c67f35
mul16_mac_fused_fast_shared_ctrl_wallace_sklansky_mux_default	16	default	control	c8f9c9cc105ed13d3c2de54919f5909ff8e622682f9999b21fcd23aebb30ad59
mul16_mac_fused_fast_shared_ctrl_wallace_sklansky_mux_classic	16	classic	control	c8f9c9cc105ed13d3c2de54919f5909ff8e622682f9999b21fcd23aebb30ad59
mul16_mac_fused_fast_shared_ctrl_wallace_sklansky_xormaj_default	16	default	control	640877965d8b3b4db44bb06590dc4ae0bfbf02919e77267267f83a12e88cb7a6
mul16_mac_fused_fast_shared_ctrl_wallace_sklansky_xormaj_classic	16	classic	control	640877965d8b3b4db44bb06590dc4ae0bfbf02919e77267267f83a12e88cb7a6
mac16_requant_behavioral_default	16	default	behavioral	5f45d135c81d0e5fab52cd7004c44571347fa040b96c00e4edcb016f64ec8ed2
mac16_requant_behavioral_classic	16	classic	behavioral	5f45d135c81d0e5fab52cd7004c44571347fa040b96c00e4edcb016f64ec8ed2
mul16_mac_requant_evo608_default	16	default	candidate	8a97065d16159ba1e5abb9368da647dbe9a807e3ab663d9f3f67026a8ab77204
mul16_mac_requant_evo608_classic	16	classic	candidate	8a97065d16159ba1e5abb9368da647dbe9a807e3ab663d9f3f67026a8ab77204
mul16_mac_requant_evo608_norules_default	16	default	ablation	e808e0140850afb15cb7723b66fb604c4eb189fab1abfb901aa63d68675bfe3f
mul16_mac_requant_evo608_norules_classic	16	classic	ablation	e808e0140850afb15cb7723b66fb604c4eb189fab1abfb901aa63d68675bfe3f
