module	width	recipe	class	source_sha256	worst_arrival_ps	worst_output	area_um2
mul16_mac_requant_evo608_default	16	default	candidate	8a97065d16159ba1e5abb9368da647dbe9a807e3ab663d9f3f67026a8ab77204	7400.0	y[45]	9123.75
mul16_mac_requant_evo608_norules_default	16	default	ablation	e808e0140850afb15cb7723b66fb604c4eb189fab1abfb901aa63d68675bfe3f	7630.0	y[42]	9285.16
mul16_mac_fused_fast_shared_ctrl_wallace_koggestone_mux_default	16	default	control	aa4e50ce302e6b2fc9ef416c42e9cebb62a403fbf2e07bbb9471d00976edddab	5950.0	y[50]	10356.18
mul16_mac_fused_fast_shared_ctrl_dadda_brentkung_mux_default	16	default	control	ccf8a9b005185fbeb4ae139a434b8f8733c8034ec6895436760284510a54e8f8	8710.0	y[33]	9024.91
mul16_mac_fused_fast_shared_ctrl_dadda_ripple_mux_default	16	default	control	851186eec933f0986ebd07de06ff5c1966a76a06fe86dda090902a7b692e2b06	8030.0	y[38]	9237.61
mul16_mac_requant_evo608_classic	16	classic	candidate	8a97065d16159ba1e5abb9368da647dbe9a807e3ab663d9f3f67026a8ab77204	4740.0	y[33]	14417.58
mul16_mac_requant_evo608_norules_classic	16	classic	ablation	e808e0140850afb15cb7723b66fb604c4eb189fab1abfb901aa63d68675bfe3f	5540.0	y[33]	14156.08
mul16_mac_fused_fast_shared_ctrl_dadda_koggestone_mux_classic	16	classic	control	5f4d5d60a762b72b34c31016079c170fcaf7ebe0c944ce1b59d01a977c8b27f0	4380.0	y[33]	15104.49
mul16_mac_fused_fast_shared_ctrl_dadda_ripple_mux_classic	16	classic	control	851186eec933f0986ebd07de06ff5c1966a76a06fe86dda090902a7b692e2b06	4900.0	y[33]	11041.84
